,name,password,length in cm,first weight in kg,first BMI,subscription,current weight in kg,current BMI,weight change,bmi change
2672,Ville,Jallu,177.0,72.0,22.98190175237001,deactive,70.0,22.34351559258195,-2.0,-0.6383861597880589
526,Kalle,Kala,180.0,85.0,26.23456790123457,active,75.0,23.14814814814815,-10.0,-3.086419753086421
